{
  "name": "requirejs",
  "version": "2.1.22",
  "ignore": [],
  "homepage": "http://requirejs.org",
  "authors": [
    "jrburke.com"
  ],
  "description": "A file and module loader for JavaScript",
  "main": "require.js",
  "keywords": [
    "AMD"
  ],
  "license": [
    "BSD-3-Clause",
    "MIT"
  ],
  "_release": "2.1.22",
  "_resolution": {
    "type": "version",
    "tag": "2.1.22",
    "commit": "9cd0b99417eac61e890d11c5119f2e45e752c999"
  },
  "_source": "git://github.com/jrburke/requirejs-bower.git",
  "_target": "^2.1.16",
  "_originalSource": "requirejs",
  "_direct": true
}